{"cameraMode":{"drawMode":0,"name":"Shaded","section":"Shading Mode"},"sceneLighting":true,"audioPlay":false,"sceneViewState":{"m_AlwaysRefresh":false,"showFog":true,"showSkybox":true,"showFlares":true,"showImageEffects":true,"showParticleSystems":true,"showVisualEffectGraphs":true,"m_FxEnabled":true},"in2DMode":false,"pivot":{"x":-5.677052974700928,"y":3.770721435546875,"z":13.629310607910157},"rotation":{"x":0.003240494057536125,"y":-0.9932336807250977,"z":0.11252414435148239,"w":0.028606412932276727},"size":19.48369789123535,"orthographic":false}